City_ID,City,Lat,Lng,Max Temp,Humidity,Cloudiness,Wind Speed,Country,Date
0,Albany,42.6001,-73.9662,69.37,67,0,6.85,US,2022-07-26 03:06:32
1,Ketchikan,55.3422,-131.6461,66.67,72,20,10.36,US,2022-07-26 03:06:52
2,Busselton,-33.65,115.3333,61.52,80,100,17.81,AU,2022-07-26 03:08:00
3,Bambous Virieux,-20.3428,57.7575,67.21,94,75,3.44,MU,2022-07-26 03:08:01
4,Cape Town,-33.9258,18.4232,59.11,60,4,3.85,ZA,2022-07-26 03:08:01
5,Chitose,42.8194,141.6522,82.09,78,75,11.5,JP,2022-07-26 03:08:02
6,Ushuaia,-54.8,-68.3,33.46,64,40,6.91,AR,2022-07-26 03:05:15
7,Saskylakh,71.9167,114.0833,73.99,60,94,6.55,RU,2022-07-26 03:08:03
8,Rikitea,-23.1203,-134.9692,75.52,73,57,10.94,PF,2022-07-26 03:08:03
9,Bredasdorp,-34.5322,20.0403,47.14,61,0,5.37,ZA,2022-07-26 03:06:19
10,Bathsheba,13.2167,-59.5167,83.01,94,75,13.8,BB,2022-07-26 03:08:04
11,Hermanus,-34.4187,19.2345,55.27,49,0,8.3,ZA,2022-07-26 03:08:05
12,Huarmey,-10.0681,-78.1522,63.18,85,100,9.42,PE,2022-07-26 03:08:06
13,Nisia Floresta,-6.0911,-35.2086,70.61,90,72,9.4,BR,2022-07-26 03:08:06
14,Turayf,31.6725,38.6637,76.82,32,0,6.17,SA,2022-07-26 03:08:06
15,Pilar,-9.5972,-35.9567,69.73,89,31,1.83,BR,2022-07-26 03:03:28
16,Coahuayana,18.7333,-103.6833,77.92,90,86,1.92,MX,2022-07-26 03:03:50
17,Bluff,-46.6,168.3333,45.81,90,100,26.71,NZ,2022-07-26 03:08:07
18,Marawi,7.9986,124.2928,82.51,63,97,2.64,PH,2022-07-26 03:08:07
19,Danilov,58.1908,40.1717,62.29,96,44,4.21,RU,2022-07-26 03:08:08
20,New Norfolk,-42.7826,147.0587,60.93,78,98,1.01,AU,2022-07-26 03:08:08
21,Butaritari,3.0707,172.7902,82.54,70,99,15.05,KI,2022-07-26 03:06:51
22,Kargasok,59.0556,80.8572,60.94,80,100,7.16,RU,2022-07-26 03:08:10
23,Mar Del Plata,-38.0023,-57.5575,55.09,98,100,18.01,AR,2022-07-26 03:08:10
24,Barrow,71.2906,-156.7887,35.62,93,100,28.77,US,2022-07-26 03:08:11
25,Bubaque,11.2833,-15.8333,78.39,81,85,11.74,GW,2022-07-26 03:08:11
26,Chokurdakh,70.6333,147.9167,64.02,31,51,14.38,RU,2022-07-26 03:08:11
27,Pevek,69.7008,170.3133,38.26,74,75,16.33,RU,2022-07-26 03:04:58
28,Mulki,13.1,74.8,78.08,83,75,4.61,IN,2022-07-26 03:08:12
29,Lorengau,-2.0226,147.2712,84.13,70,73,9.57,PG,2022-07-26 03:06:42
30,Charters Towers,-20.1,146.2667,73.8,48,0,4.81,AU,2022-07-26 03:08:13
31,Iqaluit,63.7506,-68.5145,41.7,93,69,5.01,CA,2022-07-26 03:06:37
32,Katsuura,35.1333,140.3,80.71,87,100,17.18,JP,2022-07-26 03:08:13
33,Paamiut,61.994,-49.6678,43.56,93,100,2.93,GL,2022-07-26 03:08:14
34,Estevan,49.1334,-102.9842,62.94,88,95,10.33,CA,2022-07-26 03:08:14
35,Iskateley,67.6803,53.1512,48.11,91,100,19.93,RU,2022-07-26 03:08:14
36,Yarovoye,52.9273,78.58,74.16,38,0,6.26,RU,2022-07-26 03:08:15
37,Naze,28.3667,129.4833,82.42,73,25,6.29,JP,2022-07-26 03:08:16
38,Puerto Ayora,-0.7393,-90.3518,70.56,92,97,5.99,EC,2022-07-26 03:06:41
39,Morant Bay,17.8815,-76.4093,82.02,83,79,9.44,JM,2022-07-26 03:08:16
40,Lethem,3.3803,-59.7968,74.23,93,97,5.84,GY,2022-07-26 03:08:17
41,Yellowknife,62.456,-114.3525,65.25,47,11,8.93,CA,2022-07-26 03:07:30
42,Whitehorse,60.7161,-135.0538,58.98,79,57,11.39,CA,2022-07-26 03:06:38
43,Kaitangata,-46.2817,169.8464,44.83,93,100,17.25,NZ,2022-07-26 03:08:17
44,Atuona,-9.8,-139.0333,77.58,69,0,10.02,PF,2022-07-26 03:05:17
45,Upernavik,72.7868,-56.1549,38.08,90,79,9.4,GL,2022-07-26 03:06:47
46,Bambanglipuro,-7.95,110.2833,80.2,64,87,9.46,ID,2022-07-26 03:09:18
47,Klaksvik,62.2266,-6.589,47.32,82,32,7.85,FO,2022-07-26 03:07:25
48,Souillac,-20.5167,57.5167,66.58,94,75,3.44,MU,2022-07-26 03:09:19
49,Srednekolymsk,67.45,153.6833,64.67,30,88,14.88,RU,2022-07-26 03:07:03
50,Zhigansk,66.7697,123.3711,73.11,46,16,2.39,RU,2022-07-26 03:09:19
51,Mataura,-46.1927,168.8643,45.48,97,100,10.85,NZ,2022-07-26 03:09:20
52,Barra Do Garcas,-15.89,-52.2567,69.57,42,1,3.4,BR,2022-07-26 03:09:20
53,Ornskoldsvik,63.2909,18.7153,61.75,100,100,9.22,SE,2022-07-26 03:07:58
54,Berlevag,70.8578,29.0864,55.4,88,100,10.36,NO,2022-07-26 03:09:21
55,Puerto Ayacucho,5.6639,-67.6236,72.48,95,82,1.72,VE,2022-07-26 03:09:21
56,Shakawe,-18.3667,21.85,54.34,49,3,3.4,BW,2022-07-26 03:09:22
57,Hithadhoo,-0.6,73.0833,83.12,74,23,13.65,MV,2022-07-26 03:06:18
58,Tukrah,32.5341,20.5791,77.2,84,0,5.14,LY,2022-07-26 03:09:22
59,Kuusamo,65.9667,29.1833,60.84,77,0,13.8,FI,2022-07-26 03:09:23
60,Ponta Do Sol,32.6667,-17.1,81.23,41,99,6.91,PT,2022-07-26 03:09:23
61,Novoagansk,61.9449,76.6625,62.33,71,99,4.72,RU,2022-07-26 03:09:23
62,Port Blair,11.6667,92.75,86.04,74,40,5.75,IN,2022-07-26 03:09:24
63,Punta Arenas,-53.15,-70.9167,32.11,74,20,8.05,CL,2022-07-26 03:08:41
64,Port Alfred,-33.5906,26.891,53.28,77,0,13.89,ZA,2022-07-26 03:07:06
65,Manono,-7.3,27.4167,75.79,38,99,7.61,CD,2022-07-26 03:09:24
66,Thompson,55.7435,-97.8558,51.64,96,100,4.63,CA,2022-07-26 03:09:25
67,Castro,-24.7911,-50.0119,57.69,74,61,2.8,BR,2022-07-26 03:09:25
68,Christchurch,-43.5333,172.6333,50.92,97,100,13.8,NZ,2022-07-26 03:05:33
69,Tuktoyaktuk,69.4541,-133.0374,58.1,58,77,17.11,CA,2022-07-26 03:09:26
70,Vila Velha,-20.3297,-40.2925,66.94,94,40,0.0,BR,2022-07-26 03:07:36
71,Mana,5.6592,-53.7767,77.32,90,100,6.93,GF,2022-07-26 03:09:21
72,Makakilo City,21.3469,-158.0858,84.52,55,40,13.8,US,2022-07-26 03:09:26
73,Khatanga,71.9667,102.5,76.82,35,1,4.56,RU,2022-07-26 03:09:15
74,Kavaratti,10.5669,72.642,81.57,74,25,15.95,IN,2022-07-26 03:07:39
75,Hazorasp,41.3194,61.0742,75.04,42,93,16.73,UZ,2022-07-26 03:09:27
76,Nishihara,26.1842,127.7558,89.26,89,40,8.05,JP,2022-07-26 03:09:27
77,Avarua,-21.2078,-159.775,73.45,60,20,5.75,CK,2022-07-26 03:09:28
78,Sabha,27.0377,14.4283,77.11,34,0,10.92,LY,2022-07-26 03:09:28
79,Grand Gaube,-20.0064,57.6608,67.37,80,2,3.0,MU,2022-07-26 03:09:28
80,Amapa,1.0,-52.0,70.36,100,100,2.19,BR,2022-07-26 03:09:29
81,Cherskiy,68.75,161.3,57.47,40,43,17.25,RU,2022-07-26 03:09:29
82,Vaini,-21.2,-175.2,73.67,66,96,13.06,TO,2022-07-26 03:09:29
83,Wewak,-3.5534,143.6268,84.85,70,62,6.82,PG,2022-07-26 03:09:30
84,Tharad,24.3961,71.6267,78.24,89,100,10.74,IN,2022-07-26 03:09:30
85,Beidao,34.5686,105.8933,83.8,59,61,4.16,CN,2022-07-26 03:09:31
86,Havre-Saint-Pierre,50.2334,-63.5986,64.76,94,100,6.91,CA,2022-07-26 03:09:31
87,General Pico,-35.6566,-63.7568,59.2,92,100,8.19,AR,2022-07-26 03:09:31
88,Cap Malheureux,-19.9842,57.6142,67.46,80,1,3.0,MU,2022-07-26 03:09:32
89,Norman Wells,65.282,-126.8329,75.15,39,31,11.23,CA,2022-07-26 03:10:32
90,Rosario Oeste,-14.8361,-56.4275,73.94,38,3,4.47,BR,2022-07-26 03:10:32
91,Plettenberg Bay,-34.0527,23.3716,54.52,57,0,6.13,ZA,2022-07-26 03:10:33
92,Inongo,-1.95,18.2667,68.83,94,96,6.89,CD,2022-07-26 03:10:33
93,Leshukonskoye,64.8989,45.7622,54.54,68,11,3.33,RU,2022-07-26 03:10:33
94,Kruisfontein,-34.0033,24.7314,46.83,69,0,6.8,ZA,2022-07-26 03:10:34
95,Batagay-Alyta,67.8006,130.4114,77.88,41,24,3.98,RU,2022-07-26 03:10:34
96,Asyut,27.181,31.1837,80.87,23,0,5.37,EG,2022-07-26 03:10:34
97,Yerbogachen,61.2767,108.0108,82.83,53,27,11.41,RU,2022-07-26 03:10:35
98,Strelka,58.0728,93.0344,64.98,62,26,7.58,RU,2022-07-26 03:10:35
99,Ife,7.4667,4.5667,70.43,99,99,2.51,NG,2022-07-26 03:10:36
100,Porbandar,21.6422,69.6093,82.18,80,100,16.78,IN,2022-07-26 03:10:36
101,Mount Gambier,-37.8333,140.7667,53.51,62,100,21.85,AU,2022-07-26 03:10:36
102,Dingle,10.9995,122.6711,86.13,73,74,7.02,PH,2022-07-26 03:10:37
103,Kloulklubed,7.0419,134.2556,82.9,73,78,7.54,PW,2022-07-26 03:09:03
104,Faanui,-16.4833,-151.75,78.15,73,84,8.25,PF,2022-07-26 03:10:37
105,Ilulissat,69.2167,-51.1,44.62,93,100,0.0,GL,2022-07-26 03:10:37
106,Tarakan,3.3,117.6333,81.64,74,73,5.3,ID,2022-07-26 03:10:38
107,Longyearbyen,78.2186,15.6401,48.04,81,75,10.36,SJ,2022-07-26 03:10:38
108,Sorland,67.667,12.6934,53.46,92,100,18.03,NO,2022-07-26 03:10:39
109,Venado Tuerto,-33.7456,-61.9688,56.77,98,100,6.29,AR,2022-07-26 03:10:39
110,Horsham,51.064,-0.3272,62.02,75,40,9.22,GB,2022-07-26 03:10:39
111,Zhatay,62.1594,129.8294,80.65,44,0,7.0,RU,2022-07-26 03:10:40
112,Port Elizabeth,-33.918,25.5701,46.31,91,0,1.99,ZA,2022-07-26 03:09:22
113,Yabelo,4.8833,38.0833,53.96,76,92,11.23,ET,2022-07-26 03:10:40
114,Tiksi,71.6872,128.8694,52.86,77,89,3.71,RU,2022-07-26 03:10:40
115,Esso,55.9333,158.7,62.49,72,89,7.0,RU,2022-07-26 03:10:41
116,Arona,28.0996,-16.681,83.7,29,0,26.46,ES,2022-07-26 03:10:41
117,Hasaki,35.7333,140.8333,82.8,83,100,20.22,JP,2022-07-26 03:05:45
118,Padilla,3.2204,-76.3139,67.57,93,95,3.51,CO,2022-07-26 03:10:42
119,Buta,2.7858,24.73,69.53,99,81,0.22,CD,2022-07-26 03:10:42
120,Kharan,28.5833,65.4167,85.69,57,94,3.27,PK,2022-07-26 03:08:22
121,Carnarvon,-24.8667,113.6333,67.53,33,0,5.46,AU,2022-07-26 03:10:42
122,Tashla,51.7716,52.7427,68.0,74,50,3.78,RU,2022-07-26 03:10:43
123,Jamestown,42.097,-79.2353,62.24,82,0,4.61,US,2022-07-26 03:10:07
124,Kapaa,22.0752,-159.319,84.18,71,75,14.97,US,2022-07-26 03:10:43
125,Port-Cartier,50.0334,-66.8654,61.75,99,100,6.44,CA,2022-07-26 03:10:44
126,Hearst,49.6835,-83.6665,55.51,81,77,5.7,CA,2022-07-26 03:10:44
127,Tynset,62.2759,10.7824,49.62,95,100,2.46,NO,2022-07-26 03:10:44
128,Tamiahua,21.2667,-97.45,78.44,87,42,7.25,MX,2022-07-26 03:10:45
129,Guanare,9.0418,-69.7421,72.27,95,28,2.37,VE,2022-07-26 03:10:45
130,Urrao,6.3152,-76.1342,57.96,98,100,0.98,CO,2022-07-26 03:10:46
131,Saint-Philippe,-21.3585,55.7679,65.79,82,60,11.18,RE,2022-07-26 03:10:46
132,Gravdal,68.1214,13.5031,55.29,94,20,8.05,NO,2022-07-26 03:10:46
133,Meulaboh,4.1363,96.1285,76.59,90,100,3.06,ID,2022-07-26 03:10:47
134,West Wendover,40.7391,-114.0733,90.61,19,0,8.05,US,2022-07-26 03:10:47
135,Chuy,-33.6971,-53.4616,56.88,98,100,5.21,UY,2022-07-26 03:10:47
136,Auki,-8.7676,160.7034,86.04,63,16,5.01,SB,2022-07-26 03:10:48
137,Guerrero Negro,27.9769,-114.0611,69.06,83,32,14.14,MX,2022-07-26 03:09:38
138,Nikolskoye,59.7035,30.7861,60.8,86,82,2.98,RU,2022-07-26 03:11:48
139,East London,-33.0153,27.9116,54.54,71,0,10.36,ZA,2022-07-26 03:11:49
140,Saldanha,-33.0117,17.9442,55.18,46,2,7.36,ZA,2022-07-26 03:06:50
141,San Quintin,30.4833,-115.95,67.62,83,1,8.97,MX,2022-07-26 03:11:49
142,Hervey Bay,-25.2986,152.8535,66.45,74,0,9.62,AU,2022-07-26 03:11:50
143,Madera,37.1666,-119.8343,95.09,16,3,6.06,US,2022-07-26 03:11:50
144,Lebu,-37.6167,-73.65,53.49,86,21,26.28,CL,2022-07-26 03:11:50
145,Atar,20.5169,-13.0499,90.34,43,93,4.79,MR,2022-07-26 03:11:51
146,Kodiak,57.79,-152.4072,60.31,59,20,18.41,US,2022-07-26 03:11:51
147,Kijang,35.2442,129.2139,79.27,76,2,7.94,KR,2022-07-26 03:11:51
148,Lagoa,39.05,-27.9833,73.18,90,0,9.66,PT,2022-07-26 03:11:52
149,Ola,59.5833,151.2833,79.14,76,1,8.21,RU,2022-07-26 03:11:52
150,Lasa,46.6166,10.7002,59.36,93,89,4.36,IT,2022-07-26 03:11:52
151,Millinocket,45.6573,-68.7098,71.71,56,0,6.91,US,2022-07-26 03:10:17
152,Skibbereen,51.55,-9.2667,56.1,78,100,5.3,IE,2022-07-26 03:11:53
153,Severo-Kurilsk,50.6789,156.125,55.27,79,47,9.31,RU,2022-07-26 03:10:32
154,Lavrentiya,65.5833,-171.0,41.25,82,100,15.73,RU,2022-07-26 03:11:53
155,Turukhansk,65.8167,87.9833,58.17,86,100,2.84,RU,2022-07-26 03:11:54
156,Alice Springs,-23.7,133.8833,60.35,41,0,16.11,AU,2022-07-26 03:11:54
157,Hilo,19.7297,-155.09,84.27,87,75,6.91,US,2022-07-26 03:11:55
158,Catabola,-12.15,17.2833,53.13,41,0,2.77,AO,2022-07-26 03:11:55
159,Xuddur,4.1213,43.8894,66.2,86,0,17.63,SO,2022-07-26 03:11:55
160,Comodoro Rivadavia,-45.8667,-67.5,40.86,75,100,6.91,AR,2022-07-26 03:11:56
161,Ahipara,-35.1667,173.1667,55.69,87,100,23.58,NZ,2022-07-26 03:11:56
162,Bang Saphan,11.2126,99.5117,87.12,63,58,2.39,TH,2022-07-26 03:11:56
163,Luganville,-15.5333,167.1667,82.2,75,30,6.64,VU,2022-07-26 03:11:57
164,Broken Hill,-31.95,141.4333,55.96,38,0,18.14,AU,2022-07-26 03:11:57
165,Benemerito De Las Americas,16.5167,-90.6439,72.9,97,95,0.72,MX,2022-07-26 03:11:58
166,Kindersley,51.4668,-109.1682,62.62,82,75,5.75,CA,2022-07-26 03:11:58
167,Elliot Lake,46.3834,-82.6331,51.64,79,0,5.12,CA,2022-07-26 03:11:58
168,Villacarrillo,38.1156,-3.0848,73.27,17,0,2.39,ES,2022-07-26 03:11:59
169,Kommunisticheskiy,61.6789,64.4819,59.05,48,99,7.45,RU,2022-07-26 03:11:59
170,Luderitz,-26.6481,15.1594,53.1,94,37,12.53,NA,2022-07-26 03:11:59
171,Qaanaaq,77.484,-69.3632,40.55,69,0,2.77,GL,2022-07-26 03:12:00
172,Ostrovnoy,68.0531,39.5131,54.81,68,98,15.26,RU,2022-07-26 03:12:00
173,Dikson,73.5069,80.5464,45.12,86,96,24.43,RU,2022-07-26 03:12:00
174,Umm Kaddadah,13.6017,26.6876,84.97,50,99,12.01,SD,2022-07-26 03:12:01
175,Hualmay,-11.0964,-77.6139,61.63,84,73,9.89,PE,2022-07-26 03:12:01
176,Biak,-0.9131,122.8766,81.18,74,54,7.16,ID,2022-07-26 03:12:01
177,Amahai,-3.3333,128.9167,77.11,94,91,8.32,ID,2022-07-26 03:12:02
178,Nanortalik,60.1432,-45.2371,42.69,96,100,7.11,GL,2022-07-26 03:12:02
179,Salalah,17.0151,54.0924,75.69,96,100,8.79,OM,2022-07-26 03:12:03
180,Brigantine,39.4101,-74.3646,78.06,87,100,4.61,US,2022-07-26 03:12:03
181,Tuatapere,-46.1333,167.6833,44.67,93,100,13.4,NZ,2022-07-26 03:12:04
182,Zambezi,-13.5432,23.1047,50.41,59,0,5.5,ZM,2022-07-26 03:13:04
183,Tripoli,32.8752,13.1875,79.41,54,0,2.35,LY,2022-07-26 03:13:05
184,Xinmin,41.9908,122.8253,82.38,72,100,14.03,CN,2022-07-26 03:13:05
185,Saint-Augustin,51.226,-58.6502,59.56,99,100,1.97,CA,2022-07-26 03:13:05
186,Vilyuysk,63.7553,121.6247,84.2,44,5,9.6,RU,2022-07-26 03:13:06
187,Bengkulu,-3.8004,102.2655,80.62,66,99,0.4,ID,2022-07-26 03:13:06
188,Narsaq,60.9167,-46.05,50.22,91,100,1.1,GL,2022-07-26 03:10:37
189,Namatanai,-3.6667,152.4333,84.07,71,26,10.11,PG,2022-07-26 03:13:07
190,Pimentel,-6.8367,-79.9342,62.73,89,75,10.71,PE,2022-07-26 03:13:07
191,Aquiraz,-3.9014,-38.3911,77.09,81,84,12.73,BR,2022-07-26 03:13:07
192,Yulara,-25.2406,130.9889,61.39,32,0,15.88,AU,2022-07-26 03:13:08
193,Margate,51.3813,1.3862,60.87,78,23,4.0,GB,2022-07-26 03:13:08
194,Emerald,-23.5333,148.1667,75.34,53,0,3.62,AU,2022-07-26 03:08:24
195,Amaraji,-8.3831,-35.4525,65.97,95,70,6.26,BR,2022-07-26 03:08:18
196,Baiao,-2.7906,-49.6717,77.16,70,56,2.71,BR,2022-07-26 03:13:09
197,Santa Maria Del Oro,25.9333,-105.3667,69.89,52,52,0.78,MX,2022-07-26 03:13:09
198,Phuket,8.0,98.25,85.08,79,20,3.44,TH,2022-07-26 03:13:10
199,Orcopampa,-15.2661,-72.3417,44.28,72,99,2.55,PE,2022-07-26 03:13:10
200,Carballo,43.213,-8.691,63.01,97,46,3.18,ES,2022-07-26 03:13:10
201,Sao Felix Do Xingu,-6.6447,-51.995,75.99,50,82,1.07,BR,2022-07-26 03:08:25
202,Rio Gallegos,-51.6226,-69.2181,23.05,93,0,4.61,AR,2022-07-26 03:11:28
203,Pangnirtung,66.1451,-65.7125,43.57,84,36,4.65,CA,2022-07-26 03:13:11
204,Quatre Cocos,-20.2078,57.7625,67.08,77,7,9.19,MU,2022-07-26 03:10:01
205,Poum,-20.2333,164.0167,73.72,69,0,8.25,NC,2022-07-26 03:13:12
206,El Rusio,14.4667,-86.3667,67.44,96,100,2.1,HN,2022-07-26 03:13:12
207,Nerchinskiy Zavod,51.3088,119.61,76.84,62,95,8.75,RU,2022-07-26 03:13:12
208,Wilmington,34.2257,-77.9447,82.31,81,0,10.36,US,2022-07-26 03:11:26
209,Sitka,57.0531,-135.33,58.89,88,100,0.0,US,2022-07-26 03:13:13
210,Chilca,-12.5211,-76.7372,60.71,86,98,8.01,PE,2022-07-26 03:13:14
211,Lompoc,34.6391,-120.4579,63.01,82,100,9.22,US,2022-07-26 03:13:14
212,Las Vigas,19.6333,-97.0833,51.62,94,99,3.27,MX,2022-07-26 03:13:15
213,Monrovia,6.3005,-10.7969,73.74,78,2,4.25,LR,2022-07-26 03:13:15
214,Arraial Do Cabo,-22.9661,-42.0278,70.25,88,7,18.52,BR,2022-07-26 03:13:15
215,Richards Bay,-28.783,32.0377,54.43,79,2,5.19,ZA,2022-07-26 03:13:16
216,Russell,32.3502,-85.1999,79.83,83,40,0.0,US,2022-07-26 03:13:16
217,Eagle Pass,28.7091,-100.4995,95.85,39,67,22.26,US,2022-07-26 03:13:16
218,Honningsvag,70.9821,25.9704,55.15,88,100,9.22,NO,2022-07-26 03:13:17
219,San Cristobal,7.7669,-72.225,71.78,94,72,2.15,VE,2022-07-26 03:13:17
220,Sicuani,-14.2694,-71.2261,45.73,67,15,2.59,PE,2022-07-26 03:13:18
221,Pimenta Bueno,-11.6725,-61.1936,73.29,43,89,3.49,BR,2022-07-26 03:13:18
222,Cam Ranh,11.9214,109.1591,89.56,58,0,3.44,VN,2022-07-26 03:13:19
223,Nanning,22.8167,108.3167,90.68,58,0,4.03,CN,2022-07-26 03:13:19
224,Pitiquito,30.7,-112.0833,88.54,53,100,5.82,MX,2022-07-26 03:13:20
225,Hobyo,5.3505,48.5268,74.48,83,71,19.44,SO,2022-07-26 03:13:20
226,Deputatskiy,69.3,139.9,63.18,58,99,5.75,RU,2022-07-26 03:13:20
227,Semirom,31.4167,51.5667,69.94,11,4,3.49,IR,2022-07-26 03:09:15
228,Muros,42.7762,-9.0603,64.09,83,5,8.43,ES,2022-07-26 03:13:21
229,Lloydminster,53.2835,-110.0016,61.02,82,75,4.61,CA,2022-07-26 03:13:21
230,Gilleleje,56.122,12.3106,61.95,89,38,19.69,DK,2022-07-26 03:14:22
231,Waingapu,-9.6567,120.2641,82.92,58,21,11.23,ID,2022-07-26 03:14:22
232,Saint George,37.1041,-113.5841,72.19,86,0,8.05,US,2022-07-26 03:09:53
233,Port Lincoln,-34.7333,135.8667,58.1,55,78,13.15,AU,2022-07-26 03:14:23
234,Vao,-22.6667,167.4833,69.19,64,2,11.01,NC,2022-07-26 03:14:23
235,Talnakh,69.4865,88.3972,61.21,50,30,7.85,RU,2022-07-26 03:14:24
236,Ribeira Grande,38.5167,-28.7,74.19,90,11,5.28,PT,2022-07-26 03:14:24
237,Sun Valley,39.5963,-119.776,91.11,23,20,14.97,US,2022-07-26 03:13:34
238,Urumqi,43.801,87.6005,76.15,34,0,8.95,CN,2022-07-26 03:09:36
239,Caravelas,-17.7125,-39.2481,68.27,86,17,4.45,BR,2022-07-26 03:11:55
240,Pangkalanbuun,-2.6833,111.6167,86.2,58,91,4.59,ID,2022-07-26 03:14:25
241,Buenos Aires,-34.6132,-58.3772,62.94,95,75,6.91,AR,2022-07-26 03:12:21
242,Khash,28.2211,61.2158,72.27,81,100,8.75,IR,2022-07-26 03:14:25
243,Tigil,57.8,158.6667,68.16,43,80,10.96,RU,2022-07-26 03:14:26
244,Asau,46.4333,26.4,64.96,88,0,3.71,RO,2022-07-26 03:14:26
245,Mahajanga,-15.7167,46.3167,67.51,71,0,5.73,MG,2022-07-26 03:14:26
246,Baykit,61.67,96.37,72.16,49,100,6.35,RU,2022-07-26 03:14:27
247,Dunedin,-45.8742,170.5036,45.36,93,100,19.57,NZ,2022-07-26 03:14:27
248,Tura,25.5198,90.2201,74.41,97,100,4.36,IN,2022-07-26 03:14:28
249,Pavlodar,52.3,76.95,76.8,33,0,2.24,KZ,2022-07-26 03:14:28
250,Codrington,-38.2667,141.9667,52.34,64,92,22.53,AU,2022-07-26 03:14:28
251,Sicamous,50.8331,-118.9856,83.37,57,10,4.14,CA,2022-07-26 03:14:29
252,Cayenne,4.9333,-52.3333,83.08,2,40,0.0,GF,2022-07-26 03:14:29
253,Miraflores,19.2167,-98.8083,63.25,90,90,2.98,MX,2022-07-26 03:14:29
254,Hami,42.8,93.45,89.1,15,0,4.03,CN,2022-07-26 03:14:30
255,Nouadhibou,20.931,-17.0347,78.78,83,30,9.22,MR,2022-07-26 03:14:30
256,Constitucion,-35.3333,-72.4167,52.79,94,100,19.66,CL,2022-07-26 03:14:31
257,Vestmannaeyjar,63.4427,-20.2734,51.98,82,100,7.63,IS,2022-07-26 03:14:31
258,Hobart,-42.8794,147.3294,61.27,75,40,5.75,AU,2022-07-26 03:12:35
259,Dhidhdhoo,6.8833,73.1,81.66,78,47,16.28,MV,2022-07-26 03:14:32
260,Sola,-13.8833,167.55,80.56,74,3,10.04,VU,2022-07-26 03:14:32
261,Zyryanskoye,56.8306,86.6258,63.23,74,97,2.46,RU,2022-07-26 03:14:32
262,Talaya,61.3833,152.75,73.94,30,24,9.08,RU,2022-07-26 03:14:33
263,Soyo,-6.1349,12.3689,69.28,93,15,4.54,AO,2022-07-26 03:14:33
264,Geraldton,-28.7667,114.6,59.41,67,34,8.05,AU,2022-07-26 03:14:33
265,Saint-Leu,-21.15,55.2833,67.06,73,51,1.88,RE,2022-07-26 03:14:34
266,Brae,60.3964,-1.353,49.98,76,100,21.59,GB,2022-07-26 03:14:34
267,Atambua,-9.1061,124.8925,82.18,46,49,1.74,ID,2022-07-26 03:14:34
268,Faya,18.3851,42.4509,63.12,57,100,4.38,SA,2022-07-26 03:14:35
269,Medeiros Neto,-17.3739,-40.2206,64.31,95,47,3.71,BR,2022-07-26 03:14:35
270,Bayan,46.0833,127.4,82.76,60,17,3.98,CN,2022-07-26 03:14:35
271,Ilam,26.9167,87.9167,74.37,83,95,3.42,NP,2022-07-26 03:14:36
272,Thaba-Tseka,-29.522,28.6084,35.29,37,0,4.56,LS,2022-07-26 03:14:36
273,San Policarpo,12.1791,125.5072,85.59,67,93,8.1,PH,2022-07-26 03:14:36
274,Keetmanshoop,-26.5833,18.1333,58.62,33,0,5.97,NA,2022-07-26 03:15:37
275,Half Moon Bay,37.4636,-122.4286,70.92,81,100,14.97,US,2022-07-26 03:15:37
276,Bethel,41.3712,-73.414,77.65,87,20,6.91,US,2022-07-26 03:10:43
277,Walvis Bay,-22.9575,14.5053,54.09,93,81,5.75,NA,2022-07-26 03:15:38
278,Tabuk,17.4189,121.4443,86.88,68,99,4.79,PH,2022-07-26 03:15:38
279,Bezopasnoye,45.6483,41.936,64.65,79,100,8.72,RU,2022-07-26 03:15:38
280,Sanghar,26.0466,68.9481,82.6,80,97,7.31,PK,2022-07-26 03:15:39
281,Bara,10.3744,10.7288,72.43,94,100,12.19,NG,2022-07-26 03:15:39
282,Nyurba,63.2842,118.3319,85.03,50,2,9.93,RU,2022-07-26 03:15:39
283,Cabo San Lucas,22.8909,-109.9124,87.62,72,9,15.01,MX,2022-07-26 03:15:40
284,Hofn,64.2539,-15.2082,51.58,85,8,0.94,IS,2022-07-26 03:15:40
285,Avera,33.194,-82.5271,80.65,63,100,4.79,US,2022-07-26 03:15:40
286,Ciudad Bolivar,8.1222,-63.5497,75.2,88,18,4.03,VE,2022-07-26 03:15:41
287,Doha,25.2867,51.5333,89.91,61,91,9.73,QA,2022-07-26 03:15:41
288,Codajas,-3.8367,-62.0569,75.67,72,17,2.8,BR,2022-07-26 03:15:42
289,Broome,42.2506,-75.833,62.98,86,0,8.05,US,2022-07-26 03:15:42
290,Rumphi,-11.0186,33.8575,56.84,92,46,4.12,MW,2022-07-26 03:15:43
291,Katangli,51.7102,143.2326,58.37,90,100,1.36,RU,2022-07-26 03:15:43
292,Byron Bay,-28.65,153.6167,73.94,56,0,7.54,AU,2022-07-26 03:15:43
293,Port Hedland,-20.3167,118.5667,77.05,25,3,12.66,AU,2022-07-26 03:15:44
294,Namibe,-15.1961,12.1522,60.85,84,4,6.91,AO,2022-07-26 03:15:44
295,Airai,-8.9266,125.4092,73.42,34,14,4.97,TL,2022-07-26 03:15:44
296,Prince Rupert,54.3161,-130.3201,65.89,87,0,14.97,CA,2022-07-26 03:15:45
297,Mahebourg,-20.4081,57.7,67.24,94,75,3.44,MU,2022-07-26 03:15:45
298,Dudinka,69.4058,86.1778,61.63,77,100,11.27,RU,2022-07-26 03:15:45
299,Korla,41.7597,86.1469,88.99,20,0,5.01,CN,2022-07-26 03:15:46
300,Kavieng,-2.5744,150.7967,84.29,73,68,13.94,PG,2022-07-26 03:15:46
301,Ulaanbaatar,47.9077,106.8832,59.13,72,75,2.24,MN,2022-07-26 03:15:46
302,Opuwo,-18.0607,13.84,58.82,35,24,0.81,NA,2022-07-26 03:15:47
303,Fortuna,40.5982,-124.1573,63.91,76,36,1.99,US,2022-07-26 03:15:47
304,Curuguaty,-24.4694,-55.6945,68.76,55,0,4.72,PY,2022-07-26 03:15:47
305,Fukue,32.6881,128.8419,79.45,72,12,2.71,JP,2022-07-26 03:15:48
306,Mbandaka,0.0487,18.2603,69.75,98,100,4.34,CD,2022-07-26 03:15:48
307,Novki,56.3608,41.0775,66.56,85,40,2.26,RU,2022-07-26 03:15:49
308,Cidreira,-30.1811,-50.2056,60.75,95,5,8.41,BR,2022-07-26 03:11:15
309,Borogontsy,62.6683,131.1683,79.57,38,85,6.2,RU,2022-07-26 03:15:49
310,Torbay,47.6666,-52.7314,68.58,90,100,26.46,CA,2022-07-26 03:15:49
311,Murud,18.3258,72.965,81.09,79,100,5.61,IN,2022-07-26 03:15:50
312,Skjervoy,70.0311,20.9714,54.66,86,42,7.05,NO,2022-07-26 03:15:50
313,Arman,59.7,150.1667,79.02,71,1,7.94,RU,2022-07-26 03:15:50
314,Clyde River,70.4692,-68.5914,37.63,93,100,9.22,CA,2022-07-26 03:12:01
315,Georgetown,5.4112,100.3354,85.95,75,20,2.3,MY,2022-07-26 03:12:20
316,Manokwari,-0.8667,134.0833,83.01,73,75,12.64,ID,2022-07-26 03:15:51
317,Camana,-16.6228,-72.7111,60.82,85,54,8.86,PE,2022-07-26 03:15:51
318,San Patricio,28.017,-97.5169,84.85,71,33,14.07,US,2022-07-26 03:15:52
319,Banda Aceh,5.5577,95.3222,82.94,70,100,5.88,ID,2022-07-26 03:15:52
320,Champawat,29.3333,80.1,71.08,75,70,1.07,IN,2022-07-26 03:15:52
321,Emba,48.8264,58.1442,73.81,53,100,14.03,KZ,2022-07-26 03:15:53
322,Boa Vista,2.8197,-60.6733,76.98,83,20,3.44,BR,2022-07-26 03:15:53
323,Kupang,-10.1667,123.5833,84.25,50,44,5.55,ID,2022-07-26 03:16:54
324,Rorvik,64.8621,11.2373,56.25,98,100,7.94,NO,2022-07-26 03:16:54
325,Buraydah,26.326,43.975,86.45,19,16,4.05,SA,2022-07-26 03:16:54
326,Romny,50.751,33.4747,56.41,97,30,6.2,UA,2022-07-26 03:16:55
327,Alenquer,-1.9417,-54.7383,75.07,81,5,3.42,BR,2022-07-26 03:16:55
328,Isiro,2.7739,27.616,64.89,99,94,0.92,CD,2022-07-26 03:16:55
329,Ambilobe,-13.2,49.05,63.12,92,0,3.53,MG,2022-07-26 03:16:56
330,Taoudenni,22.6783,-3.9836,97.88,12,0,5.86,ML,2022-07-26 03:16:56
331,Grindavik,63.8424,-22.4338,50.47,100,100,6.91,IS,2022-07-26 03:16:56
332,Nioki,-2.7167,17.6833,73.0,85,91,3.8,CD,2022-07-26 03:16:57
333,Ligayan,4.6533,119.4706,83.01,74,100,6.44,PH,2022-07-26 03:16:57
334,Kolpashevo,58.3131,82.9089,61.79,72,96,3.91,RU,2022-07-26 03:16:57
335,Mareeba,-17.0,145.4333,77.49,66,0,5.66,AU,2022-07-26 03:16:58
336,Inhambane,-23.865,35.3833,60.44,86,0,7.85,MZ,2022-07-26 03:16:58
337,Napasar,27.9667,73.55,87.78,62,40,10.96,IN,2022-07-26 03:16:58
338,Marzuq,14.4,46.4667,78.75,60,100,4.85,YE,2022-07-26 03:16:59
339,Yar-Sale,66.8333,70.8333,53.65,67,48,21.85,RU,2022-07-26 03:16:59
340,Stornoway,58.2093,-6.3865,51.93,92,75,5.75,GB,2022-07-26 03:17:00
341,Khandbari,27.3747,87.2039,76.26,83,100,2.46,NP,2022-07-26 03:17:00
342,Vanimo,-2.6741,141.3028,83.95,73,81,9.48,PG,2022-07-26 03:17:00
343,Aksarka,66.5606,67.7975,54.91,61,79,22.28,RU,2022-07-26 03:17:01
344,Altamont,42.2068,-121.7372,91.24,22,0,11.5,US,2022-07-26 03:17:01
345,Kalabo,-14.97,22.6814,54.55,54,0,6.42,ZM,2022-07-26 03:17:02
346,Kharp,66.8014,65.8081,48.58,84,98,13.78,RU,2022-07-26 03:17:02
347,Mehamn,71.0357,27.8492,55.35,94,0,1.14,NO,2022-07-26 03:17:03
348,Kovdor,67.5662,30.4758,55.72,82,100,4.0,RU,2022-07-26 03:17:03
349,Yarmouth,41.7057,-70.2286,78.91,87,100,17.27,US,2022-07-26 03:17:04
350,Vanavara,60.34,102.2797,61.43,93,100,7.87,RU,2022-07-26 03:17:04
351,Kawalu,-7.3817,108.2082,77.77,61,66,4.34,ID,2022-07-26 03:17:04
352,Energeticheskiy,43.4278,77.0222,81.16,34,2,4.47,KZ,2022-07-26 03:17:05
353,Tautira,-17.7333,-149.15,74.3,92,97,11.41,PF,2022-07-26 03:17:06
354,Awbari,26.5921,12.7805,76.84,29,0,9.17,LY,2022-07-26 03:17:07
355,Balclutha,-46.2339,169.75,43.86,96,100,10.36,NZ,2022-07-26 03:17:07
356,Sterling,39.0062,-77.4286,76.23,93,100,5.99,US,2022-07-26 03:17:07
357,Rawson,-43.3002,-65.1023,45.43,96,100,6.67,AR,2022-07-26 03:17:08
358,Verkhoyansk,67.5447,133.385,80.46,40,68,4.03,RU,2022-07-26 03:17:08
359,Necochea,-38.5473,-58.7368,53.22,94,100,10.07,AR,2022-07-26 03:17:09
360,Altay,47.8667,88.1167,72.3,25,0,4.59,CN,2022-07-26 03:17:09
361,Waddan,29.1614,16.139,76.14,43,0,4.68,LY,2022-07-26 03:17:09
362,Okhotsk,59.3833,143.3,65.17,67,43,7.49,RU,2022-07-26 03:17:10
363,Dalbandin,28.8947,64.4101,84.54,56,99,8.7,PK,2022-07-26 03:17:10
364,Tasiilaq,65.6145,-37.6368,39.36,89,100,2.59,GL,2022-07-26 03:17:10
365,Selfoss,63.9331,-20.9971,50.72,76,100,4.29,IS,2022-07-26 03:17:11
366,Urengoy,65.9667,78.3667,57.58,59,100,9.93,RU,2022-07-26 03:17:11
367,Kieta,-6.2167,155.6333,83.48,71,41,3.98,PG,2022-07-26 03:17:12
368,Ancud,-41.8697,-73.8203,50.23,92,100,9.64,CL,2022-07-26 03:18:12
369,Sahuaripa,29.05,-109.2333,72.27,94,100,10.07,MX,2022-07-26 03:18:13
370,Devonport,-41.1667,146.35,56.01,82,74,0.89,AU,2022-07-26 03:18:13
371,San Felix,-32.3333,-58.1333,67.1,94,99,9.62,UY,2022-07-26 03:18:13
372,Palmer,42.1584,-72.3287,73.81,78,40,0.0,US,2022-07-26 03:16:11
373,Vila Franca Do Campo,37.7167,-25.4333,75.2,93,31,3.18,PT,2022-07-26 03:18:14
374,Petropavlovsk-Kamchatskiy,53.0452,158.6483,61.39,63,75,8.95,RU,2022-07-26 03:18:14
375,Kaeo,-35.1,173.7833,59.32,90,90,20.58,NZ,2022-07-26 03:18:15
376,Abu Kamal,34.4506,40.9171,81.84,20,0,6.33,SY,2022-07-26 03:18:15
377,Bousse,12.6606,-1.8922,77.34,75,94,4.61,BF,2022-07-26 03:18:16
378,Mahibadhoo,3.7833,72.9667,82.49,74,99,17.34,MV,2022-07-26 03:18:16
379,Tilichiki,60.4667,166.1,56.61,73,99,6.71,RU,2022-07-26 03:18:16
380,Galle,6.0367,80.217,80.62,80,87,13.02,LK,2022-07-26 03:18:09
381,Caucaia,-3.7361,-38.6531,76.95,80,0,3.44,BR,2022-07-26 03:18:17
382,Jining,35.405,116.5814,86.07,68,13,11.18,CN,2022-07-26 03:18:17
383,Beloha,-25.1667,45.05,60.85,84,7,4.97,MG,2022-07-26 03:18:18
384,Dasoguz,41.8363,59.9666,75.15,69,0,13.8,TM,2022-07-26 03:18:18
385,Sao Filipe,14.8961,-24.4956,78.06,88,93,7.34,CV,2022-07-26 03:18:19
386,Izhmorskiy,56.194,86.6414,61.36,80,96,4.85,RU,2022-07-26 03:18:19
387,Mbeya,-8.9,33.45,52.81,92,67,5.82,TZ,2022-07-26 03:18:20
388,Alyangula,-13.8483,136.4192,78.75,61,0,11.86,AU,2022-07-26 03:18:20
389,Progreso,21.2833,-89.6667,78.12,76,22,14.56,MX,2022-07-26 03:18:20
390,Cockburn Town,21.4612,-71.1419,82.02,85,41,25.97,TC,2022-07-26 03:13:32
391,Victoria,22.2855,114.1577,92.32,69,24,11.01,HK,2022-07-26 03:14:15
392,La Ronge,55.1001,-105.2842,64.62,55,75,6.91,CA,2022-07-26 03:18:21
393,Lyngseidet,69.5763,20.2189,55.42,90,46,6.15,NO,2022-07-26 03:18:21
394,Portland,45.5234,-122.6762,93.78,39,0,10.36,US,2022-07-26 03:16:15
395,Ilo,-17.6394,-71.3375,59.99,82,54,7.05,PE,2022-07-26 03:18:22
396,Chekmagush,55.1319,54.6556,66.74,81,73,1.86,RU,2022-07-26 03:18:22
397,Bertoua,4.5833,13.6833,66.72,99,100,4.9,CM,2022-07-26 03:18:23
398,Wajir,1.7471,40.0573,69.24,80,1,10.04,KE,2022-07-26 03:18:23
399,Saint-Michel-Des-Saints,46.6834,-73.9159,61.93,69,56,7.4,CA,2022-07-26 03:18:23
400,Frolovo,49.7713,43.6622,61.39,76,8,5.86,RU,2022-07-26 03:18:24
401,Benghazi,32.1167,20.0667,79.12,78,0,10.47,LY,2022-07-26 03:15:52
402,Bonavista,48.6499,-53.1147,63.52,95,93,15.43,CA,2022-07-26 03:18:24
403,Husavik,66.0449,-17.3389,49.08,84,100,0.96,IS,2022-07-26 03:18:25
404,Grootfontein,-19.5667,18.1167,60.37,36,37,6.91,NA,2022-07-26 03:18:25
405,Posse,-14.0931,-46.3694,63.91,45,56,7.29,BR,2022-07-26 03:18:25
406,Esperance,-33.8667,121.9,60.64,47,12,21.92,AU,2022-07-26 03:18:26
407,Itoman,26.1247,127.6694,89.98,84,40,9.22,JP,2022-07-26 03:18:26
408,Meru,0.0463,37.6559,54.48,90,51,3.78,KE,2022-07-26 03:18:26
409,Coihaique,-45.5752,-72.0662,22.95,93,0,5.75,CL,2022-07-26 03:18:27
410,Batemans Bay,-35.7167,150.1833,57.09,48,24,7.99,AU,2022-07-26 03:18:27
411,Sladkovo,55.5284,70.3385,74.84,63,79,5.26,RU,2022-07-26 03:18:28
412,Sukumo,32.9333,132.7333,87.01,69,21,5.06,JP,2022-07-26 03:18:28
413,Ngunguru,-35.6167,174.5,58.42,75,64,20.83,NZ,2022-07-26 03:18:28
414,Komsomolskiy,40.4272,71.7189,88.52,27,0,4.61,UZ,2022-07-26 03:18:29
415,Malazgirt,39.1427,42.5401,60.94,52,0,3.47,TR,2022-07-26 03:18:29
416,Araouane,18.9048,-3.5265,94.5,31,11,9.19,ML,2022-07-26 03:18:29
417,Flinders,-34.5833,150.8552,65.05,58,20,16.91,AU,2022-07-26 03:19:30
418,Zabaykalsk,49.6333,117.3167,74.46,68,97,13.13,RU,2022-07-26 03:19:30
419,Yuli,9.6989,10.2744,72.59,96,100,8.63,NG,2022-07-26 03:19:30
420,Karpogory,64.0019,44.4451,54.82,68,100,2.82,RU,2022-07-26 03:19:31
421,Goure,13.9835,10.2704,85.01,57,97,14.83,NE,2022-07-26 03:19:31
422,Port Hardy,50.6996,-127.4199,66.38,77,20,8.05,CA,2022-07-26 03:18:50
423,Jinka,5.65,36.65,63.28,61,97,6.11,ET,2022-07-26 03:19:32
424,Ixtapa,20.7,-105.2,85.23,66,75,6.91,MX,2022-07-26 03:19:32
425,Alofi,-19.0595,-169.9187,75.09,64,75,16.11,NU,2022-07-26 03:19:32
426,Kungurtug,50.5994,97.5228,58.28,47,55,8.55,RU,2022-07-26 03:19:33
427,Mustasaari,63.1142,21.6822,64.35,88,100,10.36,FI,2022-07-26 03:19:33
428,Isla Mujeres,21.2311,-86.731,82.45,78,95,11.03,MX,2022-07-26 03:19:33
429,Zmeinogorsk,51.1567,82.195,71.74,35,0,10.67,RU,2022-07-26 03:19:34
430,Lyubar,49.9204,27.7592,55.62,87,22,2.55,UA,2022-07-26 03:19:34
431,Mnogovershinnyy,53.9353,139.9242,54.34,95,100,5.7,RU,2022-07-26 03:19:34
432,Vilhena,-12.7406,-60.1458,68.92,44,64,3.58,BR,2022-07-26 03:19:35
433,Catemaco,18.4167,-95.1167,72.48,88,90,2.35,MX,2022-07-26 03:19:35
434,Kropotkin,45.4375,40.5756,66.65,84,100,6.78,RU,2022-07-26 03:19:36
435,Falun,60.6036,15.626,61.21,96,100,3.58,SE,2022-07-26 03:19:36
436,Morondava,-20.2833,44.2833,68.61,73,89,8.97,MG,2022-07-26 03:19:36
437,Miri,4.4148,114.0089,86.14,79,40,4.61,MY,2022-07-26 03:19:37
438,Kahului,20.8947,-156.47,80.62,73,40,27.63,US,2022-07-26 03:19:37
439,Alekseyevsk,57.8406,108.3492,78.15,53,2,8.81,RU,2022-07-26 03:19:37
440,Yuzhnyy,53.2542,83.6936,70.18,49,0,6.71,RU,2022-07-26 03:19:39
441,Dawson Creek,55.7666,-120.2362,69.44,49,0,5.75,CA,2022-07-26 03:19:39
442,Iquique,-20.2208,-70.1431,57.24,75,49,1.19,CL,2022-07-26 03:19:40
443,Nola,40.922,14.5329,79.21,88,0,1.9,IT,2022-07-26 03:17:30
444,Thunder Bay,48.4001,-89.3168,60.71,77,20,3.44,CA,2022-07-26 03:15:47
445,Ko Samui,9.5357,99.9357,83.7,70,77,5.28,TH,2022-07-26 03:15:42
446,Rodeo,38.033,-122.2669,72.32,78,0,10.36,US,2022-07-26 03:19:40
447,Corinto,37.9407,22.9573,75.88,57,0,1.77,GR,2022-07-26 03:19:41
448,Onalaska,43.8844,-91.2351,69.66,82,0,3.44,US,2022-07-26 03:16:12
449,San Jose,37.3394,-121.895,73.85,66,20,12.66,US,2022-07-26 03:16:03
450,Yawata,34.8701,135.7027,93.54,68,59,3.8,JP,2022-07-26 03:19:41
451,Oussouye,12.485,-16.5469,76.53,89,96,4.79,SN,2022-07-26 03:19:42
452,Ceres,37.5949,-120.9577,90.81,37,0,12.66,US,2022-07-26 03:19:08
453,Villa Carlos Paz,-31.4241,-64.4978,59.4,51,93,3.0,AR,2022-07-26 03:19:42
454,El Oro,26.8667,-105.85,69.73,48,48,7.7,MX,2022-07-26 03:19:43
455,Manosque,43.8288,5.7869,72.55,68,0,4.54,FR,2022-07-26 03:19:43
456,Champerico,14.3,-91.9167,80.28,77,65,2.86,GT,2022-07-26 03:19:43
457,Pyay,18.8167,95.2167,87.21,65,65,3.83,MM,2022-07-26 03:19:44
458,Barcelos,41.5388,-8.6151,67.84,89,0,2.73,PT,2022-07-26 03:19:44
459,Pathankot,32.2833,75.65,76.69,90,100,9.01,IN,2022-07-26 03:19:44
460,Staroaleyskoye,51.0061,82.0,74.73,30,0,10.29,RU,2022-07-26 03:19:45
461,Maragogi,-9.0122,-35.2225,72.18,81,20,7.52,BR,2022-07-26 03:19:45
462,Samana,19.2056,-69.3369,79.25,87,85,12.39,DO,2022-07-26 03:19:45
463,Ponta Delgada,37.7333,-25.6667,75.51,94,20,4.61,PT,2022-07-26 03:19:46
464,Kaa-Khem,51.6833,94.7333,64.62,46,44,5.82,RU,2022-07-26 03:19:46
465,Kamaishi,39.2667,141.8833,80.15,82,42,4.88,JP,2022-07-26 03:20:46
466,Punta Alta,-38.8759,-62.0736,51.96,92,100,6.35,AR,2022-07-26 03:20:47
467,Shingu,33.7333,135.9833,86.79,71,99,4.76,JP,2022-07-26 03:20:47
468,Karratha,-20.7377,116.8463,75.58,27,1,16.49,AU,2022-07-26 03:20:47
469,Kattivakkam,13.2167,80.3167,82.49,84,91,8.9,IN,2022-07-26 03:20:48
470,Xining,36.6167,101.7667,73.8,37,82,7.34,CN,2022-07-26 03:20:48
471,Vostok,46.4856,135.8833,72.59,67,93,3.0,RU,2022-07-26 03:20:48
472,Dauin,9.1914,123.2654,89.49,66,20,11.5,PH,2022-07-26 03:20:49
473,Santarem,-2.4431,-54.7083,75.33,100,20,1.14,BR,2022-07-26 03:20:49
474,Forio,40.7342,13.8646,79.09,75,0,4.81,IT,2022-07-26 03:20:49
475,Mount Darwin,-16.7725,31.5838,50.47,88,0,3.24,ZW,2022-07-26 03:20:50
476,Saint-Louis,16.3333,-15.0,79.57,73,98,5.26,SN,2022-07-26 03:20:50
477,Coquimbo,-29.9533,-71.3436,54.16,80,100,1.74,CL,2022-07-26 03:17:55
478,Nurota,40.5614,65.6886,95.07,15,0,8.9,UZ,2022-07-26 03:20:51
479,Aksha,50.2814,113.2867,70.05,70,100,6.15,RU,2022-07-26 03:20:51
480,Le Port,-20.9373,55.2919,68.0,74,5,7.99,RE,2022-07-26 03:20:51
481,Sao Miguel Do Araguaia,-13.275,-50.1628,74.48,40,10,5.03,BR,2022-07-26 03:20:52
482,Sao Geraldo Do Araguaia,-6.4006,-48.555,78.85,43,100,0.51,BR,2022-07-26 03:20:52
483,Azul,-36.777,-59.8585,55.35,98,100,8.93,AR,2022-07-26 03:20:52
484,Bilma,18.6853,12.9164,85.26,21,35,10.76,NE,2022-07-26 03:20:53
485,Wattegama,6.7989,81.4808,82.62,67,100,2.33,LK,2022-07-26 03:20:53
486,Usinsk,65.9939,57.5281,47.46,90,100,20.69,RU,2022-07-26 03:20:53
487,Maningrida,-12.0667,134.2667,84.87,42,0,12.48,AU,2022-07-26 03:18:43
488,Miranda,3.2499,-76.2281,66.33,94,92,4.38,CO,2022-07-26 03:20:54
489,Leningradskiy,69.3833,178.4167,34.84,90,99,5.79,RU,2022-07-26 03:20:54
490,Yining,29.0361,114.5636,98.82,42,7,4.9,CN,2022-07-26 03:20:55
491,Juneau,58.3019,-134.4197,59.85,97,100,8.05,US,2022-07-26 03:20:55
492,Mitu,1.1983,-70.1733,70.83,98,85,1.79,CO,2022-07-26 03:20:00
493,Pontes E Lacerda,-15.2261,-59.3353,71.98,44,48,3.4,BR,2022-07-26 03:20:55
494,Wanning,18.8003,110.3967,88.09,62,4,4.21,CN,2022-07-26 03:20:56
495,Mahon,39.8885,4.2658,79.36,69,0,18.41,ES,2022-07-26 03:20:56
496,Labuan,5.2767,115.2417,80.78,77,100,5.88,MY,2022-07-26 03:20:56
497,Hue,16.4667,107.6,89.71,66,20,4.61,VN,2022-07-26 03:20:57
498,Mkushi,-13.6202,29.3939,54.75,60,2,7.99,ZM,2022-07-26 03:20:57
499,Le Vauclin,14.5452,-60.8388,81.84,83,75,9.22,MQ,2022-07-26 03:20:58
500,Ballina,-28.8667,153.5667,74.79,63,0,8.21,AU,2022-07-26 03:20:58
501,Sibolga,1.7427,98.7792,79.03,84,100,2.98,ID,2022-07-26 03:20:58
502,Santa Maria,-29.6842,-53.8069,64.11,95,0,4.81,BR,2022-07-26 03:17:18
503,Porto Novo,6.4965,2.6036,76.82,89,99,6.6,BJ,2022-07-26 03:20:59
504,Chissamba,-12.1667,17.3333,54.28,42,0,3.0,AO,2022-07-26 03:20:59
505,Lakhipur,26.0299,90.3041,80.42,86,97,3.78,IN,2022-07-26 03:21:00
506,Bakurianis Andeziti,41.7337,43.4724,51.76,86,0,5.03,GE,2022-07-26 03:21:00
507,Garissa,-0.4536,39.6401,69.96,85,71,11.36,KE,2022-07-26 03:21:00
508,May Pen,17.9645,-77.2451,81.61,90,100,1.59,JM,2022-07-26 03:17:20
509,Calderitas,18.55,-88.25,80.51,83,98,9.46,MX,2022-07-26 03:21:01
510,Wakkanai,45.4094,141.6739,73.38,68,75,10.36,JP,2022-07-26 03:21:01
511,Constantine,36.365,6.6147,72.81,33,0,0.0,DZ,2022-07-26 03:19:41
512,Canutama,-6.5339,-64.3831,76.14,51,3,0.47,BR,2022-07-26 03:21:02
513,Barsovo,61.1667,73.1667,64.53,75,100,5.37,RU,2022-07-26 03:22:02
514,Hamilton,39.1834,-84.5333,75.85,84,100,1.01,US,2022-07-26 03:17:31
515,Indiaroba,-11.5192,-37.5117,69.51,89,85,4.54,BR,2022-07-26 03:22:03
516,Wau,7.7029,27.9953,69.89,94,75,4.23,SS,2022-07-26 03:22:03
517,Carroll,39.5501,-77.0164,76.14,84,100,3.0,US,2022-07-26 03:22:04
518,Aragarcas,-15.8975,-52.2508,69.55,42,1,3.47,BR,2022-07-26 03:22:04
519,Muroto,33.2833,134.15,82.6,75,82,5.39,JP,2022-07-26 03:22:04
520,Nelson Bay,-32.7167,152.15,66.0,87,23,11.99,AU,2022-07-26 03:18:51
521,Kabanjahe,3.1001,98.4908,71.89,76,100,2.28,ID,2022-07-26 03:22:05
522,Mournies,35.4764,24.0092,73.8,94,0,4.61,GR,2022-07-26 03:22:05
523,Yuancheng,36.652,107.7896,76.82,73,99,9.71,CN,2022-07-26 03:22:06
524,Alvorada,-12.48,-49.1247,74.53,41,6,4.72,BR,2022-07-26 03:22:06
525,Phan Thiet,10.9333,108.1,87.84,59,52,5.32,VN,2022-07-26 03:22:07
526,Moron,-34.6534,-58.6198,62.35,99,98,7.02,AR,2022-07-26 03:22:07
527,Cairns,-16.9167,145.7667,82.11,63,75,13.8,AU,2022-07-26 03:22:08
528,Aasiaat,68.7098,-52.8699,38.1,97,100,7.67,GL,2022-07-26 03:22:08
529,Cardston,49.2,-113.3019,66.29,68,100,2.3,CA,2022-07-26 03:22:09
530,Kilindoni,-7.9139,39.6668,75.78,75,16,16.44,TZ,2022-07-26 03:22:09
531,Setermoen,68.861,18.3486,55.44,89,82,4.07,NO,2022-07-26 03:22:09
532,Padang,-0.9492,100.3543,82.45,78,100,3.6,ID,2022-07-26 03:22:10
533,Baghdad,33.3406,44.4009,75.11,35,0,3.44,IQ,2022-07-26 03:18:16
534,Praia Da Vitoria,38.7333,-27.0667,74.75,94,40,3.09,PT,2022-07-26 03:22:11
535,Kawambwa,-9.7915,29.0791,56.53,64,32,5.44,ZM,2022-07-26 03:22:11
536,Gao,16.6362,1.637,84.9,57,100,18.7,ML,2022-07-26 03:22:11
537,Terney,45.0503,136.6092,77.13,68,14,7.36,RU,2022-07-26 03:22:12
538,Zenzeli,45.9241,47.0474,73.81,55,11,7.96,RU,2022-07-26 03:22:12
539,Pacanga,-7.1667,-79.5,63.5,84,81,3.8,PE,2022-07-26 03:22:13
540,Provideniya,64.3833,-173.3,50.36,62,75,22.37,RU,2022-07-26 03:22:13
541,Riachao,-7.3619,-46.6172,78.31,37,96,5.68,BR,2022-07-26 03:22:14
542,Malakal,9.5334,31.6605,74.03,84,100,0.94,SS,2022-07-26 03:22:14
543,Alekseyevka,50.6309,38.6903,64.02,92,100,4.61,RU,2022-07-26 03:22:14
544,Suhbaatar,50.2314,106.2078,59.72,80,100,2.1,MN,2022-07-26 03:22:15
545,Sinfra,6.6167,-5.9167,66.47,99,35,2.15,CI,2022-07-26 03:22:15
546,Kismayo,-0.3582,42.5454,75.02,81,86,16.33,SO,2022-07-26 03:22:16
547,Aloleng,16.1307,119.7824,86.23,72,58,8.57,PH,2022-07-26 03:22:16
548,Cauquenes,-35.9671,-72.3225,51.53,92,100,13.56,CL,2022-07-26 03:22:17
549,Manta,-0.95,-80.7333,71.38,88,40,5.75,EC,2022-07-26 03:22:17
550,Gladstone,-23.85,151.25,73.33,53,40,8.05,AU,2022-07-26 03:22:17
551,Udachnyy,66.4167,112.4,77.45,69,100,9.84,RU,2022-07-26 03:22:18
552,Pacific Grove,36.6177,-121.9166,63.21,86,100,10.36,US,2022-07-26 03:22:18
553,Zheleznodorozhnyy,55.7503,38.0042,68.18,93,63,4.59,RU,2022-07-26 03:22:19
554,Xingyi,24.1877,102.817,76.12,57,2,7.45,CN,2022-07-26 03:22:19
555,Lamu,-2.2717,40.902,73.62,78,85,14.79,KE,2022-07-26 03:22:19
556,Bilibino,68.0546,166.4372,55.22,40,91,11.3,RU,2022-07-26 03:22:20
557,Sioux Lookout,50.1001,-91.917,64.47,68,75,6.91,CA,2022-07-26 03:22:20
558,Leh,34.1667,77.5833,65.12,53,92,2.73,IN,2022-07-26 03:22:21
559,Rocha,-34.4833,-54.3333,59.47,97,100,10.2,UY,2022-07-26 03:22:21
560,Sovetskaya Gavan,48.9723,140.2878,61.93,96,100,7.83,RU,2022-07-26 03:22:21
